{"cameraMode":{"drawMode":0,"name":"Shaded","section":"Shading Mode"},"sceneLighting":true,"audioPlay":false,"sceneViewState":{"showFog":true,"showMaterialUpdate":false,"showSkybox":true,"showFlares":true,"showImageEffects":true,"showParticleSystems":true},"in2DMode":false,"pivot":{"x":28.7972412109375,"y":-232.72366333007813,"z":268.197998046875},"rotation":{"x":-0.3567539155483246,"y":0.07414718717336655,"z":-0.028418319299817086,"w":-0.9308175444602966},"size":560.7415161132813,"orthographic":false}